KCNJ9	ENSG00000162728.4	+	chr1	160081570	160090563	protein_coding
KLHDC9	ENSG00000162755.13	+	chr1	161098361	161100346	protein_coding
PCP4L1	ENSG00000248485.1	+	chr1	161258727	161285450	protein_coding
FCRL6	ENSG00000181036.13	+	chr1	159800511	159816251	protein_coding
UHMK1	ENSG00000152332.15	+	chr1	162497251	162529629	protein_coding
ACKR1	ENSG00000213088.9	+	chr1	159203307	159206500	protein_coding
HSPA6	ENSG00000173110.7	+	chr1	161524540	161526910	protein_coding
RP11-565P22.6	ENSG00000254706.2	+	chr1	162365407	162383531	protein_coding
FCER1A	ENSG00000179639.10	+	chr1	159289714	159308224	protein_coding
FCRLA	ENSG00000132185.16	+	chr1	161706972	161714352	protein_coding
OR10J1	ENSG00000196184.8	+	chr1	159439722	159440811	protein_coding
OR6K6	ENSG00000180433.4	+	chr1	158754720	158755891	protein_coding
SLAMF7	ENSG00000026751.16	+	chr1	160739057	160754821	protein_coding
NOS1AP	ENSG00000198929.12	+	chr1	162069774	162370475	protein_coding
FCRLB	ENSG00000162746.14	+	chr1	161721563	161728143	protein_coding
UAP1	ENSG00000117143.13	+	chr1	162561506	162599842	protein_coding
NDUFS2	ENSG00000158864.12	+	chr1	161197104	161214395	protein_coding
FCER1G	ENSG00000158869.10	+	chr1	161215234	161220699	protein_coding
NIT1	ENSG00000158793.13	+	chr1	161118086	161125445	protein_coding
SLAMF8	ENSG00000158714.10	+	chr1	159826750	159837249	protein_coding
DUSP23	ENSG00000158716.8	+	chr1	159780932	159782543	protein_coding
OR10Z1	ENSG00000198967.3	+	chr1	158606439	158607380	protein_coding
LY9	ENSG00000122224.17	+	chr1	160796074	160828261	protein_coding
MNDA	ENSG00000163563.7	+	chr1	158831317	158849506	protein_coding
DUSP12	ENSG00000081721.11	+	chr1	161749758	161757238	protein_coding
SDHC	ENSG00000143252.14	+	chr1	161314257	161375340	protein_coding
ATP1A2	ENSG00000018625.14	+	chr1	160115759	160143591	protein_coding
FCGR2B	ENSG00000072694.20	+	chr1	161663147	161678654	protein_coding
TOMM40L	ENSG00000158882.13	+	chr1	161225939	161230744	protein_coding
DDR2	ENSG00000162733.16	+	chr1	162631373	162787400	protein_coding
C1orf226	ENSG00000239887.4	+	chr1	162366908	162386818	protein_coding
USP21	ENSG00000143258.15	+	chr1	161159450	161165723	protein_coding
AL591806.1	ENSG00000278883.1	+	chr1	161065865	161066153	protein_coding
PEA15	ENSG00000162734.12	+	chr1	160205337	160215376	protein_coding
PPOX	ENSG00000143224.17	+	chr1	161166410	161178013	protein_coding
APCS	ENSG00000132703.3	+	chr1	159587825	159588865	protein_coding
NCSTN	ENSG00000162736.15	+	chr1	160343272	160358952	protein_coding
UFC1	ENSG00000143222.11	+	chr1	161152776	161158856	protein_coding
FCGR2A	ENSG00000143226.13	+	chr1	161505430	161524013	protein_coding
ATF6	ENSG00000118217.5	+	chr1	161766294	161964070	protein_coding
CADM3	ENSG00000162706.12	+	chr1	159171609	159203313	protein_coding
PYHIN1	ENSG00000163564.14	+	chr1	158930796	158977054	protein_coding
NHLH1	ENSG00000171786.5	+	chr1	160367067	160372848	protein_coding
IFI16	ENSG00000163565.18	+	chr1	158999968	159055155	protein_coding
HSD17B7	ENSG00000132196.13	+	chr1	162790702	162812817	protein_coding
CASQ1	ENSG00000143318.12	+	chr1	160190556	160201886	protein_coding
VANGL2	ENSG00000162738.5	+	chr1	160400586	160428678	protein_coding
ATP1A4	ENSG00000132681.16	+	chr1	160151570	160186977	protein_coding
COPA	ENSG00000122218.14	-	chr1	160289273	160343400	protein_coding
CCDC190	ENSG00000185860.13	-	chr1	162824458	162868815	protein_coding
OR6K3	ENSG00000203757.1	-	chr1	158717168	158718163	protein_coding
OR6P1	ENSG00000186440.1	-	chr1	158562651	158563604	protein_coding
APOA2	ENSG00000158874.11	-	chr1	161222292	161223631	protein_coding
OR10J3	ENSG00000196266.4	-	chr1	159313670	159314659	protein_coding
TSTD1	ENSG00000215845.10	-	chr1	161037631	161038990	protein_coding
SLAMF9	ENSG00000162723.9	-	chr1	159951492	159954254	protein_coding
FCGR3A	ENSG00000203747.9	-	chr1	161541759	161550737	protein_coding
IGSF9	ENSG00000085552.16	-	chr1	159927039	159945604	protein_coding
IGSF8	ENSG00000162729.13	-	chr1	160091340	160098943	protein_coding
SPTA1	ENSG00000163554.12	-	chr1	158610706	158686698	protein_coding
USF1	ENSG00000158773.14	-	chr1	161039251	161045977	protein_coding
CFAP126	ENSG00000188931.3	-	chr1	161364731	161367874	protein_coding
SH2D1B	ENSG00000198574.5	-	chr1	162395266	162412138	protein_coding
OR6N1	ENSG00000197403.3	-	chr1	158765744	158766682	protein_coding
OLFML2B	ENSG00000162745.10	-	chr1	161983192	162023854	protein_coding
ITLN2	ENSG00000158764.6	-	chr1	160945025	160954799	protein_coding
OR6Y1	ENSG00000197532.1	-	chr1	158547128	158548105	protein_coding
FCGR3B	ENSG00000162747.9	-	chr1	161623196	161631963	protein_coding
CD48	ENSG00000117091.9	-	chr1	160678746	160711851	protein_coding
DCAF8	ENSG00000132716.18	-	chr1	160215715	160262531	protein_coding
CFAP45	ENSG00000213085.9	-	chr1	159872364	159900163	protein_coding
C1orf204	ENSG00000188004.9	-	chr1	159834474	159855347	protein_coding
VSIG8	ENSG00000243284.1	-	chr1	159854316	159862657	protein_coding
NECTIN4	ENSG00000143217.8	-	chr1	161070995	161089599	protein_coding
TAGLN2	ENSG00000158710.14	-	chr1	159918107	159925732	protein_coding
KCNJ10	ENSG00000177807.7	-	chr1	159998841	160070248	protein_coding
DEDD	ENSG00000158796.16	-	chr1	161120974	161132688	protein_coding
ARHGAP30	ENSG00000186517.13	-	chr1	161046946	161069970	protein_coding
CD244	ENSG00000122223.12	-	chr1	160830160	160862855	protein_coding
OR10J5	ENSG00000184155.8	-	chr1	159535078	159536007	protein_coding
NR1I3	ENSG00000143257.11	-	chr1	161229666	161238302	protein_coding
OR6K2	ENSG00000196171.3	-	chr1	158699678	158700652	protein_coding
CRP	ENSG00000132693.12	-	chr1	159712289	159714589	protein_coding
F11R	ENSG00000158769.17	-	chr1	160995211	161021348	protein_coding
MPZ	ENSG00000158887.15	-	chr1	161304735	161309972	protein_coding
SLAMF1	ENSG00000117090.14	-	chr1	160608100	160647295	protein_coding
SLAMF6	ENSG00000162739.13	-	chr1	160485030	160523262	protein_coding
PEX19	ENSG00000162735.18	-	chr1	160276812	160286348	protein_coding
RP11-574F21.3	ENSG00000258465.6	-	chr1	160217464	160285130	protein_coding
B4GALT3	ENSG00000158850.14	-	chr1	161171310	161177968	protein_coding
PIGM	ENSG00000143315.6	-	chr1	160027673	160031991	protein_coding
PFDN2	ENSG00000143256.4	-	chr1	161100556	161118111	protein_coding
AIM2	ENSG00000163568.14	-	chr1	159062484	159147096	protein_coding
CD84	ENSG00000066294.14	-	chr1	160541095	160579516	protein_coding
ADAMTS4	ENSG00000158859.9	-	chr1	161184308	161199056	protein_coding
OR6N2	ENSG00000188340.1	-	chr1	158776682	158777635	protein_coding
ITLN1	ENSG00000179914.4	-	chr1	160876539	160885170	protein_coding
C1orf111	ENSG00000171722.12	-	chr1	162373203	162376870	protein_coding
NBEA	ENSG00000172915.18	+	chr13	34942287	35673022	protein_coding
EXOSC8	ENSG00000120699.12	+	chr13	36998816	37009613	protein_coding
FRY	ENSG00000073910.19	+	chr13	32031300	32299122	protein_coding
GPALPP1	ENSG00000133114.17	+	chr13	44989529	45037669	protein_coding
SERP2	ENSG00000151778.10	+	chr13	44373665	44397714	protein_coding
COG6	ENSG00000133103.16	+	chr13	39655627	39791665	protein_coding
B3GLCT	ENSG00000187676.7	+	chr13	31199936	31332276	protein_coding
WBP4	ENSG00000120688.8	+	chr13	41061274	41084006	protein_coding
ALOX5AP	ENSG00000132965.9	+	chr13	30713478	30764426	protein_coding
UFM1	ENSG00000120686.11	+	chr13	38349849	38363619	protein_coding
BRCA2	ENSG00000139618.14	+	chr13	32315474	32400266	protein_coding
FREM2	ENSG00000150893.10	+	chr13	38687129	38887131	protein_coding
NHLRC3	ENSG00000188811.13	+	chr13	39038306	39050109	protein_coding
RFC3	ENSG00000133119.12	+	chr13	33818049	33966558	protein_coding
RGCC	ENSG00000102760.12	+	chr13	41457559	41470882	protein_coding
PAN3	ENSG00000152520.13	+	chr13	28138506	28295335	protein_coding
SERTM1	ENSG00000180440.3	+	chr13	36673912	36697839	protein_coding
TNFSF11	ENSG00000120659.14	+	chr13	42562736	42608013	protein_coding
FAM216B	ENSG00000179813.6	+	chr13	42781550	42791549	protein_coding
GTF2F2	ENSG00000188342.11	+	chr13	45120515	45284909	protein_coding
LACC1	ENSG00000179630.10	+	chr13	43879284	43893932	protein_coding
DGKH	ENSG00000102780.16	+	chr13	42040036	42256578	protein_coding
USPL1	ENSG00000132952.11	+	chr13	30617693	30660770	protein_coding
MTUS2	ENSG00000132938.19	+	chr13	28820348	29505947	protein_coding
AL138706.1	ENSG00000279238.1	+	chr13	37020528	37020772	protein_coding
DNAJC15	ENSG00000120675.5	+	chr13	43023203	43114224	protein_coding
RFXAP	ENSG00000133111.3	+	chr13	36819224	36829104	protein_coding
RXFP2	ENSG00000133105.7	+	chr13	31739542	31803388	protein_coding
NAA16	ENSG00000172766.18	+	chr13	41311205	41377030	protein_coding
PDS5B	ENSG00000083642.18	+	chr13	32586427	32778019	protein_coding
PDX1	ENSG00000139515.5	+	chr13	27920020	27926231	protein_coding
POMP	ENSG00000132963.7	+	chr13	28659104	28678925	protein_coding
UBE2L5P	ENSG00000236444.4	+	chr13	30422488	30428616	protein_coding
ATP5EP2	ENSG00000180389.6	+	chr13	27945206	27945590	protein_coding
TEX26	ENSG00000175664.9	+	chr13	30932703	30975502	protein_coding
SLC25A15	ENSG00000102743.14	+	chr13	40789412	40810111	protein_coding
MEDAG	ENSG00000102802.9	+	chr13	30906191	30925572	protein_coding
AKAP11	ENSG00000023516.8	+	chr13	42272153	42323267	protein_coding
KL	ENSG00000133116.7	+	chr13	33016433	33066145	protein_coding
CCNA1	ENSG00000133101.9	+	chr13	36431520	36442882	protein_coding
STOML3	ENSG00000133115.11	-	chr13	38965925	38991066	protein_coding
TSC22D1	ENSG00000102804.14	-	chr13	44432143	44577147	protein_coding
SLC7A1	ENSG00000139514.12	-	chr13	29509410	29595688	protein_coding
VWA8	ENSG00000102763.16	-	chr13	41566837	41961120	protein_coding
SPG20	ENSG00000133104.12	-	chr13	36301638	36370180	protein_coding
CSNK1A1L	ENSG00000180138.7	-	chr13	37103259	37105664	protein_coding
CCDC169	ENSG00000242715.7	-	chr13	36222008	36297840	protein_coding
ZAR1L	ENSG00000189167.11	-	chr13	32303700	32315344	protein_coding
STARD13	ENSG00000133121.20	-	chr13	33103135	33350630	protein_coding
ELF1	ENSG00000120690.14	-	chr13	40931920	41061440	protein_coding
URAD	ENSG00000183463.5	-	chr13	27977714	27988654	protein_coding
HMGB1	ENSG00000189403.14	-	chr13	30456704	30617597	protein_coding
UBL3	ENSG00000122042.9	-	chr13	29764371	29850684	protein_coding
NUFIP1	ENSG00000083635.7	-	chr13	44939249	44989483	protein_coding
DCLK1	ENSG00000133083.14	-	chr13	35768652	36131306	protein_coding
SLC25A30	ENSG00000174032.16	-	chr13	45393316	45418455	protein_coding
TPT1	ENSG00000133112.16	-	chr13	45333471	45341370	protein_coding
PROSER1	ENSG00000120685.19	-	chr13	39009866	39038076	protein_coding
SLC46A3	ENSG00000139508.14	-	chr13	28700064	28718970	protein_coding
MTRF1	ENSG00000120662.15	-	chr13	41216369	41263577	protein_coding
MAB21L1	ENSG00000180660.7	-	chr13	35474182	35477209	protein_coding
KATNAL1	ENSG00000102781.13	-	chr13	30202630	30307484	protein_coding
MRPS31	ENSG00000102738.7	-	chr13	40729135	40771173	protein_coding
ENOX1	ENSG00000120658.13	-	chr13	43213518	43786908	protein_coding
TRPC4	ENSG00000133107.14	-	chr13	37636636	37870425	protein_coding
POSTN	ENSG00000133110.14	-	chr13	37562583	37598844	protein_coding
FLT1	ENSG00000102755.10	-	chr13	28300344	28495128	protein_coding
SMIM2	ENSG00000139656.6	-	chr13	44143543	44161257	protein_coding
N4BP2L1	ENSG00000139597.17	-	chr13	32400723	32428311	protein_coding
KBTBD7	ENSG00000120696.8	-	chr13	41189833	41194566	protein_coding
KBTBD6	ENSG00000165572.7	-	chr13	41127569	41132746	protein_coding
SOHLH2	ENSG00000120669.15	-	chr13	36168208	36214615	protein_coding
HSPH1	ENSG00000120694.19	-	chr13	31134974	31162388	protein_coding
EPSTI1	ENSG00000133106.14	-	chr13	42886388	42992271	protein_coding
SMAD9	ENSG00000120693.13	-	chr13	36844831	36920765	protein_coding
CDX2	ENSG00000165556.9	-	chr13	27962137	27971139	protein_coding
FLT3	ENSG00000122025.14	-	chr13	28003274	28100592	protein_coding
CCDC122	ENSG00000151773.12	-	chr13	43823909	43879727	protein_coding
FOXO1	ENSG00000150907.7	-	chr13	40469953	40666597	protein_coding
SUPT20H	ENSG00000102710.19	-	chr13	37009312	37059713	protein_coding
ALG5	ENSG00000120697.8	-	chr13	36949775	37000261	protein_coding
CCDC169-SOHLH2	ENSG00000250709.1	-	chr13	36168794	36297842	protein_coding
KCTD4	ENSG00000180332.6	-	chr13	45192853	45194717	protein_coding
LHFP	ENSG00000183722.7	-	chr13	39342892	39603528	protein_coding
N4BP2L2	ENSG00000244754.8	-	chr13	32432417	32538885	protein_coding
DCDC2B	ENSG00000222046.2	+	chr1	32209094	32216196	protein_coding
SESN2	ENSG00000130766.4	+	chr1	28259527	28282491	protein_coding
CDC20	ENSG00000117399.13	+	chr1	43358955	43363203	protein_coding
ARID1A	ENSG00000117713.18	+	chr1	26693236	26782104	protein_coding
ZCCHC17	ENSG00000121766.15	+	chr1	31296982	31364953	protein_coding
ZC3H12A	ENSG00000163874.9	+	chr1	37474552	37484379	protein_coding
ADPRHL2	ENSG00000116863.10	+	chr1	36088875	36093932	protein_coding
GJB4	ENSG00000189433.5	+	chr1	34759741	34763724	protein_coding
HCRTR1	ENSG00000121764.11	+	chr1	31617686	31632518	protein_coding
PPCS	ENSG00000127125.8	+	chr1	42456117	42473385	protein_coding
TMCO2	ENSG00000188800.5	+	chr1	40245947	40251691	protein_coding
HMGB4	ENSG00000176256.10	+	chr1	33860475	33864791	protein_coding
MPL	ENSG00000117400.15	+	chr1	43337807	43352772	protein_coding
ZMPSTE24	ENSG00000084073.8	+	chr1	40258107	40294184	protein_coding
CCDC28B	ENSG00000160050.14	+	chr1	32200386	32205387	protein_coding
CAP1	ENSG00000131236.16	+	chr1	40040233	40072649	protein_coding
AGO1	ENSG00000092847.11	+	chr1	35869808	35930528	protein_coding
EXO5	ENSG00000164002.11	+	chr1	40508741	40516556	protein_coding
RAB42	ENSG00000188060.6	+	chr1	28592200	28595443	protein_coding
GJA4	ENSG00000187513.8	+	chr1	34792998	34795747	protein_coding
TXLNA	ENSG00000084652.15	+	chr1	32179686	32198285	protein_coding
GJB5	ENSG00000189280.3	+	chr1	34755047	34758512	protein_coding
ZMYM4	ENSG00000146463.11	+	chr1	35268967	35422058	protein_coding
RNF220	ENSG00000187147.17	+	chr1	44405194	44651724	protein_coding
IQCC	ENSG00000160051.11	+	chr1	32205661	32208687	protein_coding
ZFP69	ENSG00000187815.9	+	chr1	40477215	40496343	protein_coding
YBX1	ENSG00000065978.18	+	chr1	42682427	42702349	protein_coding
TRNP1	ENSG00000253368.3	+	chr1	26993707	27000898	protein_coding
AZIN2	ENSG00000142920.16	+	chr1	33081104	33120530	protein_coding
TFAP2E	ENSG00000116819.6	+	chr1	35573370	35595328	protein_coding
FAM76A	ENSG00000009780.15	+	chr1	27725979	27763122	protein_coding
ARTN	ENSG00000117407.16	+	chr1	43933320	43937241	protein_coding
C1orf50	ENSG00000164008.14	+	chr1	42767269	42775747	protein_coding
CFAP57	ENSG00000243710.7	+	chr1	43172149	43254358	protein_coding
CCDC30	ENSG00000186409.14	+	chr1	42463330	42654664	protein_coding
IPO13	ENSG00000117408.10	+	chr1	43946939	43968022	protein_coding
KLF17	ENSG00000171872.4	+	chr1	44118850	44135140	protein_coding
CDCA8	ENSG00000134690.10	+	chr1	37692418	37709719	protein_coding
AGO4	ENSG00000134698.10	+	chr1	35808172	35857890	protein_coding
GMEB1	ENSG00000162419.12	+	chr1	28668732	28719353	protein_coding
KPNA6	ENSG00000025800.13	+	chr1	32108038	32176568	protein_coding
BMP8A	ENSG00000183682.7	+	chr1	39491646	39525935	protein_coding
NCDN	ENSG00000020129.15	+	chr1	35557473	35567274	protein_coding
SYTL1	ENSG00000142765.17	+	chr1	27342020	27353937	protein_coding
FAM183A	ENSG00000186973.10	+	chr1	43145153	43156396	protein_coding
EIF3I	ENSG00000084623.11	+	chr1	32221928	32231604	protein_coding
C1orf228	ENSG00000198520.10	+	chr1	44674692	44725591	protein_coding
C1orf94	ENSG00000142698.14	+	chr1	34166883	34219131	protein_coding
CTPS1	ENSG00000171793.13	+	chr1	40979335	41012565	protein_coding
C1orf122	ENSG00000197982.13	+	chr1	37806979	37809454	protein_coding
DMAP1	ENSG00000178028.13	+	chr1	44213455	44220681	protein_coding
RP5-994D16.11	ENSG00000274386.5	+	chr1	42785007	42816619	protein_coding
KDM4A	ENSG00000066135.12	+	chr1	43650158	43705515	protein_coding
GUCA2B	ENSG00000044012.3	+	chr1	42153421	42155824	protein_coding
SERINC2	ENSG00000168528.11	+	chr1	31409565	31434680	protein_coding
AGO3	ENSG00000126070.19	+	chr1	35930718	36072500	protein_coding
FOXO6	ENSG00000204060.6	+	chr1	41361922	41383590	protein_coding
WDTC1	ENSG00000142784.15	+	chr1	27234516	27308633	protein_coding
PPP1R8	ENSG00000117751.17	+	chr1	27830778	27851676	protein_coding
ATPIF1	ENSG00000130770.17	+	chr1	28236109	28246906	protein_coding
KIF2C	ENSG00000142945.12	+	chr1	44739818	44767767	protein_coding
PTPRF	ENSG00000142949.16	+	chr1	43525187	43623666	protein_coding
STX12	ENSG00000117758.13	+	chr1	27773183	27824452	protein_coding
ZDHHC18	ENSG00000204160.11	+	chr1	26826710	26857602	protein_coding
MED18	ENSG00000130772.13	+	chr1	28329002	28335967	protein_coding
SFN	ENSG00000175793.11	+	chr1	26863138	26864457	protein_coding
RBBP4	ENSG00000162521.18	+	chr1	32651142	32686211	protein_coding
TSSK3	ENSG00000162526.6	+	chr1	32351521	32364312	protein_coding
HPCA	ENSG00000121905.9	+	chr1	32885994	32898441	protein_coding
KIAA1522	ENSG00000162522.10	+	chr1	32741885	32774970	protein_coding
SH3D21	ENSG00000214193.9	+	chr1	36306387	36324886	protein_coding
CCDC24	ENSG00000159214.12	+	chr1	43991359	43996528	protein_coding
MFSD2A	ENSG00000168389.17	+	chr1	39955112	39969968	protein_coding
DPH2	ENSG00000132768.13	+	chr1	43970000	43973369	protein_coding
MACF1	ENSG00000127603.23	+	chr1	39081316	39487177	protein_coding
ST3GAL3	ENSG00000126091.19	+	chr1	43705824	43931165	protein_coding
THEMIS2	ENSG00000130775.15	+	chr1	27872543	27886685	protein_coding
ZNF362	ENSG00000160094.14	+	chr1	33256545	33300719	protein_coding
TINAGL1	ENSG00000142910.15	+	chr1	31576485	31587686	protein_coding
ZMYM1	ENSG00000197056.9	+	chr1	35059786	35115859	protein_coding
MAP7D1	ENSG00000116871.15	+	chr1	36155579	36180849	protein_coding
TMEM39B	ENSG00000121775.17	+	chr1	32072031	32102866	protein_coding
NFYC	ENSG00000066136.20	+	chr1	40691648	40771603	protein_coding
GJB3	ENSG00000188910.7	+	chr1	34781189	34786369	protein_coding
PHACTR4	ENSG00000204138.12	+	chr1	28369582	28500369	protein_coding
EPB41	ENSG00000159023.19	+	chr1	28887091	29120046	protein_coding
UTP11	ENSG00000183520.11	+	chr1	38009258	38024824	protein_coding
TEKT2	ENSG00000092850.11	+	chr1	36084075	36088275	protein_coding
ZNF684	ENSG00000117010.15	+	chr1	40531561	40548169	protein_coding
ZBTB8A	ENSG00000160062.14	+	chr1	32539427	32605939	protein_coding
KHDRBS1	ENSG00000121774.17	+	chr1	32013829	32060850	protein_coding
ERMAP	ENSG00000164010.13	+	chr1	42817124	42844989	protein_coding
DNALI1	ENSG00000163879.10	+	chr1	37556919	37566857	protein_coding
ATP6V0B	ENSG00000117410.13	+	chr1	43974487	43978295	protein_coding
LCK	ENSG00000182866.16	+	chr1	32251239	32286165	protein_coding
ZNF691	ENSG00000164011.17	+	chr1	42846573	42852477	protein_coding
ZSCAN20	ENSG00000121903.14	+	chr1	33472645	33496507	protein_coding
HDAC1	ENSG00000116478.11	+	chr1	32292086	32333635	protein_coding
RCC1	ENSG00000180198.15	+	chr1	28505943	28539300	protein_coding
B4GALT2	ENSG00000117411.16	+	chr1	43978943	43991170	protein_coding
RLF	ENSG00000117000.8	+	chr1	40161373	40240921	protein_coding
KCNQ4	ENSG00000117013.14	+	chr1	40784012	40840452	protein_coding
TRNAU1AP	ENSG00000180098.9	+	chr1	28553085	28578545	protein_coding
XKR8	ENSG00000158156.7	+	chr1	27959462	27968096	protein_coding
SMAP2	ENSG00000084070.11	+	chr1	40344850	40423326	protein_coding
TIE1	ENSG00000066056.13	+	chr1	43300993	43323108	protein_coding
SZT2	ENSG00000198198.14	+	chr1	43389882	43452650	protein_coding
THRAP3	ENSG00000054118.13	+	chr1	36224416	36305357	protein_coding
ZBTB8B	ENSG00000273274.1	+	chr1	32465069	32496686	protein_coding
TMEM222	ENSG00000186501.14	+	chr1	27322145	27336400	protein_coding
NUDC	ENSG00000090273.13	+	chr1	26900238	26946862	protein_coding
PPIE	ENSG00000084072.16	+	chr1	39692182	39763914	protein_coding
RPS8	ENSG00000142937.11	+	chr1	44775251	44778779	protein_coding
OPRD1	ENSG00000116329.10	+	chr1	28812142	28871267	protein_coding
MANEAL	ENSG00000185090.14	+	chr1	37793802	37801137	protein_coding
FAM167B	ENSG00000183615.5	+	chr1	32247233	32248856	protein_coding
ZFP69B	ENSG00000187801.14	+	chr1	40450102	40463718	protein_coding
TMEM125	ENSG00000179178.10	+	chr1	43269994	43274002	protein_coding
PPIH	ENSG00000171960.10	+	chr1	42658425	42676758	protein_coding
GPR3	ENSG00000181773.6	+	chr1	27392644	27395814	protein_coding
RIMKLA	ENSG00000177181.14	+	chr1	42380795	42422578	protein_coding
SMPDL3B	ENSG00000130768.14	+	chr1	27934993	27959157	protein_coding
S100PBP	ENSG00000116497.17	+	chr1	32816767	32858879	protein_coding
NDUFS5	ENSG00000168653.10	+	chr1	39026318	39034636	protein_coding
YTHDF2	ENSG00000198492.15	+	chr1	28736621	28769775	protein_coding
AKIRIN1	ENSG00000174574.15	+	chr1	38991223	39006059	protein_coding
PIGV	ENSG00000060642.10	+	chr1	26787472	26798398	protein_coding
MRPS15	ENSG00000116898.11	-	chr1	36455718	36464437	protein_coding
EBNA1BP2	ENSG00000117395.11	-	chr1	43164175	43270936	protein_coding
HYI	ENSG00000178922.16	-	chr1	43451003	43453989	protein_coding
SVBP	ENSG00000177868.11	-	chr1	42807052	42817252	protein_coding
BMP8B	ENSG00000116985.11	-	chr1	39757182	39788861	protein_coding
MATN1	ENSG00000162510.5	-	chr1	30711277	30723587	protein_coding
FCN3	ENSG00000142748.12	-	chr1	27369112	27374824	protein_coding
WASF2	ENSG00000158195.10	-	chr1	27404226	27490158	protein_coding
YRDC	ENSG00000196449.3	-	chr1	37802944	37808185	protein_coding
INPP5B	ENSG00000204084.12	-	chr1	37860697	37947057	protein_coding
COL8A2	ENSG00000171812.11	-	chr1	36095236	36125220	protein_coding
PUM1	ENSG00000134644.15	-	chr1	30931506	31065991	protein_coding
HPCAL4	ENSG00000116983.12	-	chr1	39678648	39691689	protein_coding
GUCA2A	ENSG00000197273.3	-	chr1	42162691	42164718	protein_coding
EYA3	ENSG00000158161.15	-	chr1	27970344	28088696	protein_coding
BSDC1	ENSG00000160058.18	-	chr1	32365103	32394731	protein_coding
DNAJC8	ENSG00000126698.10	-	chr1	28199456	28233025	protein_coding
TMEM234	ENSG00000160055.19	-	chr1	32214472	32222359	protein_coding
CLDN19	ENSG00000164007.10	-	chr1	42733093	42740254	protein_coding
ZMYM6	ENSG00000163867.16	-	chr1	34986165	35031968	protein_coding
MYCBP	ENSG00000214114.8	-	chr1	38862964	38874105	protein_coding
CITED4	ENSG00000179862.6	-	chr1	40861051	40862366	protein_coding
PPT1	ENSG00000131238.16	-	chr1	40072705	40097703	protein_coding
PTAFR	ENSG00000169403.11	-	chr1	28147166	28193936	protein_coding
RIMS3	ENSG00000117016.9	-	chr1	40620679	40665657	protein_coding
GPATCH3	ENSG00000198746.12	-	chr1	26890488	26900466	protein_coding
AK2	ENSG00000004455.16	-	chr1	33007940	33080996	protein_coding
POU3F1	ENSG00000185668.7	-	chr1	38044611	38046794	protein_coding
GNL2	ENSG00000134697.12	-	chr1	37566816	37595935	protein_coding
SLC6A9	ENSG00000196517.11	-	chr1	43991500	44031467	protein_coding
SLC9A1	ENSG00000090020.10	-	chr1	27098815	27166981	protein_coding
C1orf210	ENSG00000253313.5	-	chr1	43281883	43285617	protein_coding
A3GALT2	ENSG00000184389.9	-	chr1	33306766	33321098	protein_coding
KLF18	ENSG00000283039.1	-	chr1	44137821	44141631	protein_coding
NT5C1A	ENSG00000116981.3	-	chr1	39659121	39672038	protein_coding
ELOVL1	ENSG00000066322.13	-	chr1	43363397	43368074	protein_coding
SMIM12	ENSG00000163866.8	-	chr1	34712737	34859816	protein_coding
AHDC1	ENSG00000126705.13	-	chr1	27534035	27604431	protein_coding
IFI6	ENSG00000126709.14	-	chr1	27666061	27672218	protein_coding
OSCP1	ENSG00000116885.18	-	chr1	36415827	36450451	protein_coding
TRIM62	ENSG00000116525.13	-	chr1	33145402	33182059	protein_coding
RSPO1	ENSG00000169218.13	-	chr1	37611350	37634923	protein_coding
TRIT1	ENSG00000043514.15	-	chr1	39841022	39883511	protein_coding
SLFNL1	ENSG00000171790.15	-	chr1	41015597	41023237	protein_coding
P3H1	ENSG00000117385.15	-	chr1	42746335	42767084	protein_coding
MAP3K6	ENSG00000142733.14	-	chr1	27355184	27366892	protein_coding
C1orf109	ENSG00000116922.14	-	chr1	37681570	37692249	protein_coding
FAM229A	ENSG00000225828.1	-	chr1	32361270	32364278	protein_coding
SPOCD1	ENSG00000134668.12	-	chr1	31790422	31816051	protein_coding
ADGRB2	ENSG00000121753.12	-	chr1	31727117	31764893	protein_coding
CSF3R	ENSG00000119535.17	-	chr1	36466043	36483278	protein_coding
TMEM35B	ENSG00000243749.1	-	chr1	34981535	34985353	protein_coding
EDN2	ENSG00000127129.9	-	chr1	41478775	41484673	protein_coding
FAM46B	ENSG00000158246.7	-	chr1	27005020	27012836	protein_coding
KDF1	ENSG00000175707.8	-	chr1	26949562	26960406	protein_coding
GRIK3	ENSG00000163873.9	-	chr1	36795527	37034129	protein_coding
NR0B2	ENSG00000131910.4	-	chr1	26911489	26913966	protein_coding
EVA1B	ENSG00000142694.6	-	chr1	36322031	36324154	protein_coding
HEYL	ENSG00000163909.7	-	chr1	39624153	39639945	protein_coding
ZMYND12	ENSG00000066185.12	-	chr1	42430329	42456267	protein_coding
SYNC	ENSG00000162520.14	-	chr1	32680360	32703596	protein_coding
SNRNP40	ENSG00000060688.12	-	chr1	31259568	31296782	protein_coding
OXCT2	ENSG00000198754.5	-	chr1	39769523	39771348	protein_coding
PTP4A2	ENSG00000184007.18	-	chr1	31906421	31944856	protein_coding
FGR	ENSG00000000938.12	-	chr1	27612064	27635277	protein_coding
YARS	ENSG00000134684.10	-	chr1	32775237	32818153	protein_coding
DLGAP3	ENSG00000116544.11	-	chr1	34865436	34929585	protein_coding
STK40	ENSG00000196182.10	-	chr1	36339624	36385896	protein_coding
SCMH1	ENSG00000010803.16	-	chr1	41027200	41242154	protein_coding
FNDC5	ENSG00000160097.15	-	chr1	32862268	32872482	protein_coding
RHBDL2	ENSG00000158315.10	-	chr1	38885807	38941799	protein_coding
EPHA10	ENSG00000183317.16	-	chr1	37713880	37765133	protein_coding
SF3A3	ENSG00000183431.11	-	chr1	37956975	37990921	protein_coding
GPN2	ENSG00000142751.14	-	chr1	26876133	26890297	protein_coding
LAPTM5	ENSG00000162511.7	-	chr1	30732469	30757820	protein_coding
ZBTB8OS	ENSG00000176261.15	-	chr1	32600172	32650903	protein_coding
FABP3	ENSG00000121769.7	-	chr1	31365625	31376850	protein_coding
PHC2	ENSG00000134686.17	-	chr1	33323623	33431052	protein_coding
AL109927.1	ENSG00000278868.1	-	chr1	27850574	27850744	protein_coding
MARCKSL1	ENSG00000175130.6	-	chr1	32333832	32336379	protein_coding
MYCL	ENSG00000116990.10	-	chr1	39895426	39902256	protein_coding
CD164L2	ENSG00000174950.10	-	chr1	27379176	27383380	protein_coding
C1orf216	ENSG00000142686.7	-	chr1	35713875	35719472	protein_coding
FHL3	ENSG00000183386.9	-	chr1	37996770	38005606	protein_coding
RNF19B	ENSG00000116514.16	-	chr1	32936445	32964685	protein_coding
TMEM53	ENSG00000126106.13	-	chr1	44635238	44674555	protein_coding
MEAF6	ENSG00000163875.15	-	chr1	37492575	37514774	protein_coding
KIAA0319L	ENSG00000142687.17	-	chr1	35433490	35557950	protein_coding
HIVEP3	ENSG00000127124.14	-	chr1	41506365	42035925	protein_coding
SNIP1	ENSG00000163877.9	-	chr1	37534449	37554302	protein_coding
SFPQ	ENSG00000116560.10	-	chr1	35176378	35193148	protein_coding
CLSPN	ENSG00000092853.13	-	chr1	35720218	35769967	protein_coding
ERI3	ENSG00000117419.14	-	chr1	44221070	44355260	protein_coding
RPA2	ENSG00000117748.9	-	chr1	27891524	27914746	protein_coding
FOXJ3	ENSG00000198815.8	-	chr1	42176539	42335877	protein_coding
COL9A2	ENSG00000049089.13	-	chr1	40300487	40317816	protein_coding
CSMD2	ENSG00000121904.17	-	chr1	33513999	34165842	protein_coding
TMEM54	ENSG00000121900.18	-	chr1	32894594	32901438	protein_coding
NKAIN1	ENSG00000084628.9	-	chr1	31179745	31239554	protein_coding
GJA9	ENSG00000131233.9	-	chr1	38874451	38881587	protein_coding
PSMB2	ENSG00000126067.11	-	chr1	35599544	35641844	protein_coding
PABPC4	ENSG00000090621.13	-	chr1	39560816	39576790	protein_coding
MED8	ENSG00000159479.16	-	chr1	43383917	43389808	protein_coding
LSM10	ENSG00000181817.5	-	chr1	36391238	36397892	protein_coding
RP5-864K19.6	ENSG00000274944.4	-	chr1	38864501	38881617	protein_coding
TRAPPC3	ENSG00000054116.11	-	chr1	36136570	36156053	protein_coding
MTF1	ENSG00000188786.9	-	chr1	37809567	37859620	protein_coding
RRAGC	ENSG00000116954.7	-	chr1	38838198	38859823	protein_coding
SDC3	ENSG00000162512.15	-	chr1	30869467	30908761	protein_coding
TAF12	ENSG00000120656.11	-	chr1	28589323	28643085	protein_coding
COL16A1	ENSG00000084636.17	-	chr1	31652247	31704319	protein_coding
PEF1	ENSG00000162517.12	-	chr1	31629862	31644896	protein_coding
SLC2A1	ENSG00000117394.19	-	chr1	42925375	42959173	protein_coding
AL137860.1	ENSG00000280403.1	-	chr1	27064991	27065365	protein_coding
FAIM	ENSG00000158234.12	+	chr3	138608606	138633376	protein_coding
MRPS22	ENSG00000175110.11	+	chr3	139005806	139357223	protein_coding
RASA2	ENSG00000155903.11	+	chr3	141487047	141615342	protein_coding
CHST2	ENSG00000175040.5	+	chr3	143119331	143124014	protein_coding
ZBTB38	ENSG00000177311.11	+	chr3	141324213	141449792	protein_coding
SLC35G2	ENSG00000168917.8	+	chr3	136818647	136855892	protein_coding
TF	ENSG00000091513.14	+	chr3	133745956	133779006	protein_coding
U2SURP	ENSG00000163714.17	+	chr3	142964497	143060546	protein_coding
CLSTN2	ENSG00000158258.16	+	chr3	139935185	140577397	protein_coding
FOXL2NB	ENSG00000206262.8	+	chr3	138947234	138953451	protein_coding
IL20RB	ENSG00000174564.12	+	chr3	136946230	137011085	protein_coding
ESYT3	ENSG00000158220.13	+	chr3	138434586	138481686	protein_coding
ARMC8	ENSG00000114098.17	+	chr3	138187248	138298389	protein_coding
TRPC1	ENSG00000144935.14	+	chr3	142724074	142807888	protein_coding
SOX14	ENSG00000168875.2	+	chr3	137764284	137766338	protein_coding
GRK7	ENSG00000114124.2	+	chr3	141778148	141818490	protein_coding
MRAS	ENSG00000158186.12	+	chr3	138347648	138405534	protein_coding
BFSP2	ENSG00000170819.4	+	chr3	133399995	133475222	protein_coding
TRIM42	ENSG00000155890.3	+	chr3	140678039	140701150	protein_coding
SRPRB	ENSG00000144867.11	+	chr3	133784033	133825772	protein_coding
C3orf58	ENSG00000181744.8	+	chr3	143971798	144048719	protein_coding
TMEM108	ENSG00000144868.13	+	chr3	133038391	133397792	protein_coding
EPHB1	ENSG00000154928.16	+	chr3	134597801	135260467	protein_coding
ATP1B3	ENSG00000069849.10	+	chr3	141876124	141926514	protein_coding
SLC25A36	ENSG00000114120.11	+	chr3	140941830	140979933	protein_coding
PLS1	ENSG00000120756.12	+	chr3	142596387	142713664	protein_coding
RNF7	ENSG00000114125.13	+	chr3	141738204	141747560	protein_coding
SPSB4	ENSG00000175093.4	+	chr3	141051402	141148611	protein_coding
CLDN18	ENSG00000066405.12	+	chr3	137998735	138033655	protein_coding
CDV3	ENSG00000091527.15	+	chr3	133573730	133590261	protein_coding
PCCB	ENSG00000114054.13	+	chr3	136250306	136337896	protein_coding
PXYLP1	ENSG00000155893.12	+	chr3	141228726	141367753	protein_coding
CEP63	ENSG00000182923.16	+	chr3	134485743	134575017	protein_coding
NCK1	ENSG00000158092.6	+	chr3	136862208	136949823	protein_coding
PPP2R3A	ENSG00000073711.10	+	chr3	135965673	136147891	protein_coding
PCOLCE2	ENSG00000163710.7	-	chr3	142815922	142889203	protein_coding
PRR23A	ENSG00000206260.3	-	chr3	139005468	139006268	protein_coding
DZIP1L	ENSG00000158163.14	-	chr3	138061990	138115818	protein_coding
NMNAT3	ENSG00000163864.15	-	chr3	139560180	139678017	protein_coding
SLC9A9	ENSG00000181804.14	-	chr3	143265222	143848531	protein_coding
CEP70	ENSG00000114107.8	-	chr3	138494344	138594538	protein_coding
PRR23B	ENSG00000184814.5	-	chr3	139019031	139020926	protein_coding
PAQR9	ENSG00000188582.8	-	chr3	142949164	142963682	protein_coding
AMOTL2	ENSG00000114019.14	-	chr3	134355874	134375479	protein_coding
GK5	ENSG00000175066.15	-	chr3	142157527	142225607	protein_coding
C3orf36	ENSG00000221972.3	-	chr3	133928145	133929812	protein_coding
A4GNT	ENSG00000118017.3	-	chr3	138123718	138132387	protein_coding
ANAPC13	ENSG00000129055.12	-	chr3	134477706	134486716	protein_coding
MSL2	ENSG00000174579.3	-	chr3	136148922	136197241	protein_coding
DBR1	ENSG00000138231.12	-	chr3	138161012	138174949	protein_coding
RYK	ENSG00000163785.12	-	chr3	134065303	134250744	protein_coding
TOPBP1	ENSG00000163781.12	-	chr3	133598175	133661893	protein_coding
COPB2	ENSG00000184432.9	-	chr3	139355600	139389732	protein_coding
NME9	ENSG00000181322.13	-	chr3	138261437	138329886	protein_coding
FOXL2	ENSG00000183770.5	-	chr3	138944224	138947140	protein_coding
TFDP2	ENSG00000114126.17	-	chr3	141944428	142149544	protein_coding
ATR	ENSG00000175054.14	-	chr3	142449235	142578826	protein_coding
XRN1	ENSG00000114127.10	-	chr3	142306607	142448062	protein_coding
SLCO2A1	ENSG00000174640.12	-	chr3	133932696	134052184	protein_coding
PIK3CB	ENSG00000051382.8	-	chr3	138652699	138834938	protein_coding
RBP2	ENSG00000114113.6	-	chr3	139452884	139480747	protein_coding
AC010184.1	ENSG00000280530.1	-	chr3	141487181	141487424	protein_coding
RAB6B	ENSG00000154917.10	-	chr3	133824239	133895836	protein_coding
STAG1	ENSG00000118007.12	-	chr3	136336233	136752403	protein_coding
KY	ENSG00000174611.11	-	chr3	134603138	134651636	protein_coding
PRR23C	ENSG00000233701.3	-	chr3	139042102	139044892	protein_coding
RBP1	ENSG00000114115.9	-	chr3	139517434	139539829	protein_coding
ZNF462	ENSG00000148143.12	+	chr9	106863097	107013634	protein_coding
RAD23B	ENSG00000119318.12	+	chr9	107283137	107332194	protein_coding
MURC	ENSG00000170681.6	+	chr9	100578079	100587906	protein_coding
SPATA31E1	ENSG00000177992.9	+	chr9	87882826	87888899	protein_coding
NANS	ENSG00000095380.10	+	chr9	98056739	98083075	protein_coding
TDRD7	ENSG00000196116.7	+	chr9	97411950	97496125	protein_coding
S1PR3	ENSG00000213694.3	+	chr9	88991447	89005010	protein_coding
DAPK1	ENSG00000196730.12	+	chr9	87497228	87708633	protein_coding
C9orf3	ENSG00000148120.15	+	chr9	94726701	95087218	protein_coding
FGD3	ENSG00000127084.17	+	chr9	92947451	93036236	protein_coding
SEC61B	ENSG00000106803.9	+	chr9	99222064	99230615	protein_coding
CCDC171	ENSG00000164989.15	+	chr9	15552897	16061663	protein_coding
SMC2	ENSG00000136824.18	+	chr9	104094260	104141417	protein_coding
MSANTD3	ENSG00000066697.14	+	chr9	100427156	100451711	protein_coding
RP11-350E12.6	ENSG00000283205.1	+	chr9	87956214	87956883	protein_coding
ZNF189	ENSG00000136870.10	+	chr9	101398873	101410660	protein_coding
TMEM38B	ENSG00000095209.11	+	chr9	105694544	105776612	protein_coding
NUTM2G	ENSG00000188152.12	+	chr9	96928310	96940253	protein_coding
CTSL	ENSG00000135047.14	+	chr9	87725519	87731393	protein_coding
NXNL2	ENSG00000130045.15	+	chr9	88535101	88584274	protein_coding
CARD19	ENSG00000165233.17	+	chr9	93096218	93113283	protein_coding
SYK	ENSG00000165025.14	+	chr9	90801787	90898549	protein_coding
CCDC180	ENSG00000197816.13	+	chr9	97307304	97378524	protein_coding
INVS	ENSG00000119509.12	+	chr9	100099256	100301000	protein_coding
FOXE1	ENSG00000178919.8	+	chr9	97853254	97856715	protein_coding
HABP4	ENSG00000130956.13	+	chr9	96450201	96491336	protein_coding
RNF20	ENSG00000155827.11	+	chr9	101533851	101563344	protein_coding
ZNF169	ENSG00000175787.16	+	chr9	94259311	94301454	protein_coding
CENPP	ENSG00000188312.13	+	chr9	92325484	92620533	protein_coding
CKS2	ENSG00000123975.4	+	chr9	89311198	89316703	protein_coding
OR13F1	ENSG00000186881.3	+	chr9	104504263	104505222	protein_coding
ANP32B	ENSG00000136938.8	+	chr9	97983361	98015943	protein_coding
SECISBP2	ENSG00000187742.14	+	chr9	89318506	89359662	protein_coding
FSD1L	ENSG00000106701.11	+	chr9	105447796	105552433	protein_coding
SPIN1	ENSG00000106723.16	+	chr9	88388419	88478694	protein_coding
NR4A3	ENSG00000119508.17	+	chr9	99821855	99866891	protein_coding
OR13C8	ENSG00000186943.1	+	chr9	104569168	104570130	protein_coding
NIPSNAP3A	ENSG00000136783.9	+	chr9	104747688	104760122	protein_coding
TGFBR1	ENSG00000106799.12	+	chr9	99104038	99154192	protein_coding
SNAPC3	ENSG00000164975.15	+	chr9	15422704	15465953	protein_coding
SUSD3	ENSG00000157303.10	+	chr9	93058688	93085138	protein_coding
C9orf47	ENSG00000186354.10	+	chr9	88990863	88996140	protein_coding
WNK2	ENSG00000165238.16	+	chr9	93184916	93320572	protein_coding
TMEFF1	ENSG00000241697.4	+	chr9	100473113	100577636	protein_coding
SLC44A1	ENSG00000070214.15	+	chr9	105244622	105439171	protein_coding
OR13D1	ENSG00000179055.6	+	chr9	104694422	104695462	protein_coding
AL136097.1	ENSG00000279007.1	+	chr9	92227001	92227375	protein_coding
NCBP1	ENSG00000136937.12	+	chr9	97633626	97673748	protein_coding
FAM120A	ENSG00000048828.16	+	chr9	93451722	93566107	protein_coding
PLPPR1	ENSG00000148123.14	+	chr9	101028709	101325135	protein_coding
TMOD1	ENSG00000136842.13	+	chr9	97501180	97601748	protein_coding
COL15A1	ENSG00000204291.10	+	chr9	98943179	99070792	protein_coding
FKTN	ENSG00000106692.13	+	chr9	105558130	105641118	protein_coding
GALNT12	ENSG00000119514.6	+	chr9	98807699	98850081	protein_coding
PTPDC1	ENSG00000158079.14	+	chr9	94030794	94109856	protein_coding
STX17	ENSG00000136874.10	+	chr9	99906633	99970341	protein_coding
MSANTD3-TMEFF1	ENSG00000251349.3	+	chr9	100442271	100577636	protein_coding
TAL2	ENSG00000186051.6	+	chr9	105662457	105663112	protein_coding
ERCC6L2	ENSG00000182150.15	+	chr9	95875701	96014571	protein_coding
PHF2	ENSG00000197724.10	+	chr9	93576407	93679587	protein_coding
CYLC2	ENSG00000155833.14	+	chr9	102995311	103018488	protein_coding
GADD45G	ENSG00000130222.10	+	chr9	89605013	89606555	protein_coding
NIPSNAP3B	ENSG00000165028.11	+	chr9	104764157	104777457	protein_coding
MFSD14B	ENSG00000148110.15	+	chr9	94374551	94461042	protein_coding
KLF4	ENSG00000136826.14	-	chr9	107484852	107490482	protein_coding
BARX1	ENSG00000131668.13	-	chr9	93951622	93955372	protein_coding
ALDOB	ENSG00000136872.17	-	chr9	101420578	101435823	protein_coding
IARS	ENSG00000196305.17	-	chr9	92210207	92293756	protein_coding
SHC3	ENSG00000148082.9	-	chr9	89005771	89178767	protein_coding
ALG2	ENSG00000119523.9	-	chr9	99216426	99221956	protein_coding
OR13C3	ENSG00000204246.2	-	chr9	104535749	104536856	protein_coding
SPTLC1	ENSG00000090054.13	-	chr9	92031999	92115384	protein_coding
ZNF782	ENSG00000196597.11	-	chr9	96816472	96875623	protein_coding
GRIN3A	ENSG00000198785.4	-	chr9	101569353	101738580	protein_coding
FANCC	ENSG00000158169.12	-	chr9	95099054	95426796	protein_coding
NFIL3	ENSG00000165030.3	-	chr9	91409045	91423862	protein_coding
TBC1D2	ENSG00000095383.19	-	chr9	98198999	98255721	protein_coding
ABCA1	ENSG00000165029.15	-	chr9	104781002	104928237	protein_coding
ASPN	ENSG00000106819.11	-	chr9	92456205	92482506	protein_coding
PTCH1	ENSG00000185920.15	-	chr9	95442980	95517057	protein_coding
OMD	ENSG00000127083.7	-	chr9	92414245	92424461	protein_coding
XPA	ENSG00000136936.10	-	chr9	97674909	97697357	protein_coding
HSD17B3	ENSG00000130948.9	-	chr9	96235306	96302152	protein_coding
TRMO	ENSG00000136932.13	-	chr9	97904489	97922570	protein_coding
TEX10	ENSG00000136891.13	-	chr9	100302077	100352939	protein_coding
NOL8	ENSG00000198000.11	-	chr9	92297358	92325636	protein_coding
OR13C2	ENSG00000276119.1	-	chr9	104604671	104605627	protein_coding
ZNF510	ENSG00000081386.12	-	chr9	96755865	96778129	protein_coding
FAM120AOS	ENSG00000188938.15	-	chr9	93446494	93453592	protein_coding
ERP44	ENSG00000023318.7	-	chr9	99979179	100099040	protein_coding
C9orf129	ENSG00000204352.2	-	chr9	93318199	93346414	protein_coding
PPP3R2	ENSG00000188386.6	-	chr9	101591615	101595021	protein_coding
ROR2	ENSG00000169071.14	-	chr9	91563091	91950162	protein_coding
TTC39B	ENSG00000155158.20	-	chr9	15163622	15307360	protein_coding
FREM1	ENSG00000164946.19	-	chr9	14734666	14910995	protein_coding
C9orf92	ENSG00000205549.8	-	chr9	16203935	16276313	protein_coding
AUH	ENSG00000148090.11	-	chr9	91213815	91361913	protein_coding
IPPK	ENSG00000127080.9	-	chr9	92613184	92670265	protein_coding
AAED1	ENSG00000158122.11	-	chr9	96639577	96655303	protein_coding
MFSD14C	ENSG00000196312.12	-	chr9	96897917	97013708	protein_coding
MRPL50	ENSG00000136897.7	-	chr9	101387633	101398614	protein_coding
ANKS6	ENSG00000165138.17	-	chr9	98731329	98796965	protein_coding
BAAT	ENSG00000136881.11	-	chr9	101360417	101383519	protein_coding
ZNF484	ENSG00000127081.13	-	chr9	92845031	92878038	protein_coding
OGN	ENSG00000106809.10	-	chr9	92383967	92404696	protein_coding
HEMGN	ENSG00000136929.12	-	chr9	97926791	97944856	protein_coding
TSTD2	ENSG00000136925.14	-	chr9	97600080	97633575	protein_coding
CDC14B	ENSG00000081377.16	-	chr9	96490241	96619830	protein_coding
FBP2	ENSG00000130957.4	-	chr9	94558720	94593793	protein_coding
ZNF367	ENSG00000165244.6	-	chr9	96385941	96418329	protein_coding
OR13C9	ENSG00000136839.1	-	chr9	104617248	104618204	protein_coding
CDK20	ENSG00000156345.17	-	chr9	87966441	87974753	protein_coding
SLC35D2	ENSG00000130958.11	-	chr9	96320706	96383710	protein_coding
NUTM2F	ENSG00000130950.13	-	chr9	94318196	94328644	protein_coding
GABBR2	ENSG00000136928.6	-	chr9	98288082	98709197	protein_coding
OR13C5	ENSG00000277556.1	-	chr9	104598457	104599413	protein_coding
BNC2	ENSG00000173068.17	-	chr9	16409503	16870843	protein_coding
BICD2	ENSG00000185963.13	-	chr9	92711363	92764812	protein_coding
NINJ1	ENSG00000131669.9	-	chr9	93121489	93134288	protein_coding
CORO2A	ENSG00000106789.12	-	chr9	98120975	98192640	protein_coding
TRIM14	ENSG00000106785.14	-	chr9	98069275	98119212	protein_coding
ECM2	ENSG00000106823.12	-	chr9	92493554	92536655	protein_coding
FBP1	ENSG00000165140.9	-	chr9	94603133	94640249	protein_coding
SEMA4D	ENSG00000187764.11	-	chr9	89360787	89498130	protein_coding
PSIP1	ENSG00000164985.14	-	chr9	15464066	15511019	protein_coding
DIRAS2	ENSG00000165023.6	-	chr9	90609832	90643105	protein_coding
TMEM246	ENSG00000165152.8	-	chr9	101473171	101533537	protein_coding
OR13C4	ENSG00000148136.5	-	chr9	104526253	104527209	protein_coding
CTSV	ENSG00000136943.10	-	chr9	97029679	97039643	protein_coding
APAF1	ENSG00000120868.13	+	chr12	98645141	98735433	protein_coding
HSP90B1	ENSG00000166598.13	+	chr12	103930107	103953645	protein_coding
DRAM1	ENSG00000136048.13	+	chr12	101877351	102012130	protein_coding
ANO4	ENSG00000151572.16	+	chr12	100717526	101128641	protein_coding
UTP20	ENSG00000120800.4	+	chr12	101280109	101386616	protein_coding
TXNRD1	ENSG00000198431.15	+	chr12	104215779	104350305	protein_coding
STAB2	ENSG00000136011.14	+	chr12	103587273	103766727	protein_coding
PARPBP	ENSG00000185480.11	+	chr12	102120185	102197520	protein_coding
TMPO	ENSG00000120802.13	+	chr12	98515512	98550379	protein_coding
CHST11	ENSG00000171310.10	+	chr12	104455295	104762014	protein_coding
SLC25A3	ENSG00000075415.12	+	chr12	98593591	98606379	protein_coding
AC079907.1	ENSG00000281370.1	+	chr12	102075068	102075229	protein_coding
GAS2L3	ENSG00000139354.10	+	chr12	100573683	100628286	protein_coding
MYBPC1	ENSG00000196091.13	+	chr12	101568353	101686018	protein_coding
FAM71C	ENSG00000180219.1	+	chr12	99647753	99650046	protein_coding
CHPT1	ENSG00000111666.10	+	chr12	101696947	101744140	protein_coding
ACTR6	ENSG00000075089.9	+	chr12	100199122	100241865	protein_coding
TDG	ENSG00000139372.14	+	chr12	103965804	103988874	protein_coding
EID3	ENSG00000255150.2	+	chr12	104303739	104305205	protein_coding
SLC17A8	ENSG00000179520.10	+	chr12	100357079	100422059	protein_coding
SPIC	ENSG00000166211.7	+	chr12	101475421	101486997	protein_coding
NR1H4	ENSG00000012504.13	+	chr12	100473708	100564413	protein_coding
HCFC2	ENSG00000111727.11	+	chr12	104064457	104106524	protein_coding
SCYL2	ENSG00000136021.18	+	chr12	100267140	100341724	protein_coding
PMCH	ENSG00000183395.4	-	chr12	102196459	102197845	protein_coding
GNPTAB	ENSG00000111670.14	-	chr12	101745497	101830938	protein_coding
ARL1	ENSG00000120805.13	-	chr12	101393120	101407820	protein_coding
IKBIP	ENSG00000166130.14	-	chr12	98613405	98645113	protein_coding
C12orf73	ENSG00000204954.9	-	chr12	103950202	103965708	protein_coding
IGF1	ENSG00000017427.15	-	chr12	102395867	102480645	protein_coding
NFYB	ENSG00000120837.7	-	chr12	104117077	104138289	protein_coding
UHRF1BP1L	ENSG00000111647.12	-	chr12	100028455	100142848	protein_coding
GLT8D2	ENSG00000120820.12	-	chr12	103988984	104064183	protein_coding
NT5DC3	ENSG00000111696.11	-	chr12	103770453	103841197	protein_coding
SYCP3	ENSG00000139351.14	-	chr12	101728648	101739472	protein_coding
DEPDC4	ENSG00000166153.16	-	chr12	100203669	100267079	protein_coding
NUP37	ENSG00000075188.8	-	chr12	102073103	102120124	protein_coding
ANKS1B	ENSG00000185046.18	-	chr12	98726457	99984654	protein_coding
SLC5A8	ENSG00000256870.2	-	chr12	101155493	101210407	protein_coding
CCDC53	ENSG00000120860.10	-	chr12	102012927	102062149	protein_coding
PDPK1	ENSG00000140992.18	+	chr16	2537964	2603188	protein_coding
RAB26	ENSG00000167964.12	+	chr16	2140803	2154165	protein_coding
DNASE1L2	ENSG00000167968.12	+	chr16	2235816	2238711	protein_coding
PRR35	ENSG00000161992.5	+	chr16	560422	565528	protein_coding
MLST8	ENSG00000167965.17	+	chr16	2204248	2209416	protein_coding
TBL3	ENSG00000183751.14	+	chr16	1972037	1982933	protein_coding
UBE2I	ENSG00000103275.19	+	chr16	1308880	1327018	protein_coding
TMEM204	ENSG00000131634.13	+	chr16	1528688	1555580	protein_coding
SLC9A3R2	ENSG00000065054.13	+	chr16	2025356	2039026	protein_coding
E4F1	ENSG00000167967.15	+	chr16	2223566	2235742	protein_coding
FAHD1	ENSG00000180185.11	+	chr16	1826941	1840207	protein_coding
MAPK8IP3	ENSG00000138834.12	+	chr16	1706183	1770317	protein_coding
WDR90	ENSG00000161996.18	+	chr16	649311	667833	protein_coding
FAM234A	ENSG00000167930.15	+	chr16	234546	268971	protein_coding
SSTR5	ENSG00000162009.8	+	chr16	1078781	1080142	protein_coding
PRR25	ENSG00000167945.1	+	chr16	805443	813861	protein_coding
RNF151	ENSG00000179580.9	+	chr16	1966823	1968975	protein_coding
EME2	ENSG00000197774.12	+	chr16	1773207	1781708	protein_coding
METRN	ENSG00000103260.8	+	chr16	715115	719655	protein_coding
C16orf59	ENSG00000162062.14	+	chr16	2460080	2464963	protein_coding
CCNF	ENSG00000162063.12	+	chr16	2429394	2458854	protein_coding
ATP6V0C	ENSG00000185883.11	+	chr16	2513870	2520218	protein_coding
MCRIP2	ENSG00000172366.19	+	chr16	636817	648474	protein_coding
HBZ	ENSG00000130656.4	+	chr16	152687	154503	protein_coding
SYNGR3	ENSG00000127561.14	+	chr16	1989660	1994275	protein_coding
WFIKKN1	ENSG00000127578.6	+	chr16	629239	634116	protein_coding
TBC1D24	ENSG00000162065.12	+	chr16	2475051	2509560	protein_coding
PRSS21	ENSG00000007038.10	+	chr16	2817180	2826304	protein_coding
TPSD1	ENSG00000095917.13	+	chr16	1256059	1258998	protein_coding
AMDHD2	ENSG00000162066.14	+	chr16	2520357	2531422	protein_coding
RHOT2	ENSG00000140983.13	+	chr16	668086	674174	protein_coding
TRAF7	ENSG00000131653.12	+	chr16	2155698	2178129	protein_coding
HBA2	ENSG00000188536.12	+	chr16	172847	173710	protein_coding
ARHGDIG	ENSG00000242173.8	+	chr16	268727	283010	protein_coding
HBQ1	ENSG00000086506.2	+	chr16	180453	181181	protein_coding
TELO2	ENSG00000100726.14	+	chr16	1493344	1510457	protein_coding
KCTD5	ENSG00000167977.8	+	chr16	2682475	2709030	protein_coding
RAB40C	ENSG00000197562.9	+	chr16	589357	629272	protein_coding
NPW	ENSG00000183971.5	+	chr16	2009926	2020755	protein_coding
PDIA2	ENSG00000185615.15	+	chr16	283152	287215	protein_coding
AC004754.3	ENSG00000269881.1	+	chr16	249547	269943	protein_coding
FAM173A	ENSG00000103254.9	+	chr16	720581	722601	protein_coding
RAB11FIP3	ENSG00000090565.15	+	chr16	425619	523011	protein_coding
RHBDL1	ENSG00000103269.13	+	chr16	675666	678268	protein_coding
MSLN	ENSG00000102854.15	+	chr16	760762	768865	protein_coding
CHTF18	ENSG00000127586.16	+	chr16	788046	800737	protein_coding
STUB1	ENSG00000103266.10	+	chr16	680224	682870	protein_coding
HBM	ENSG00000206177.6	+	chr16	153892	166768	protein_coding
RP11-20I23.1	ENSG00000260272.1	+	chr16	2496032	2520218	protein_coding
CRAMP1	ENSG00000007545.15	+	chr16	1612325	1677908	protein_coding
PIGQ	ENSG00000007541.16	+	chr16	566995	584136	protein_coding
GFER	ENSG00000127554.12	+	chr16	1984207	1987749	protein_coding
SOX8	ENSG00000005513.9	+	chr16	981808	986979	protein_coding
NTN3	ENSG00000162068.1	+	chr16	2471499	2474145	protein_coding
HBA1	ENSG00000206172.8	+	chr16	176680	177522	protein_coding
TSC2	ENSG00000103197.16	+	chr16	2047465	2088720	protein_coding
SRRM2	ENSG00000167978.16	+	chr16	2752329	2772538	protein_coding
CACNA1H	ENSG00000196557.11	+	chr16	1153121	1221772	protein_coding
TPSAB1	ENSG00000172236.16	+	chr16	1240696	1242554	protein_coding
CAPN15	ENSG00000103326.11	+	chr16	527717	554636	protein_coding
HN1L	ENSG00000206053.12	+	chr16	1678256	1702280	protein_coding
NME4	ENSG00000103202.12	+	chr16	396725	410367	protein_coding
NUBP2	ENSG00000095906.16	+	chr16	1782901	1789191	protein_coding
BAIAP3	ENSG00000007516.13	+	chr16	1333601	1349441	protein_coding
RP11-20I23.3	ENSG00000259784.1	+	chr16	2513965	2527955	protein_coding
NHLRC4	ENSG00000257108.1	+	chr16	566996	569495	protein_coding
HAGHL	ENSG00000103253.17	+	chr16	726936	735525	protein_coding
GNPTG	ENSG00000090581.9	+	chr16	1351923	1364113	protein_coding
AC009065.1	ENSG00000279473.1	+	chr16	2253737	2262342	protein_coding
DECR2	ENSG00000242612.6	+	chr16	401826	412487	protein_coding
NDUFB10	ENSG00000140990.14	+	chr16	1959508	1961975	protein_coding
ZG16B	ENSG00000162078.11	+	chr16	2830169	2839585	protein_coding
LMF1	ENSG00000103227.18	-	chr16	853634	981318	protein_coding
C16orf13	ENSG00000130731.15	-	chr16	634427	636366	protein_coding
CCDC154	ENSG00000197599.12	-	chr16	1434383	1444556	protein_coding
RPL3L	ENSG00000140986.7	-	chr16	1943974	1957606	protein_coding
PKD1	ENSG00000008710.18	-	chr16	2088710	2135898	protein_coding
ECI1	ENSG00000167969.12	-	chr16	2239395	2252300	protein_coding
PTX4	ENSG00000251692.7	-	chr16	1485886	1488981	protein_coding
TPSG1	ENSG00000116176.6	-	chr16	1221651	1225257	protein_coding
JMJD8	ENSG00000161999.11	-	chr16	681671	684528	protein_coding
C16orf91	ENSG00000174109.4	-	chr16	1419744	1420800	protein_coding
RGS11	ENSG00000076344.15	-	chr16	268301	275980	protein_coding
TPSB2	ENSG00000197253.13	-	chr16	1227272	1230184	protein_coding
C1QTNF8	ENSG00000184471.7	-	chr16	1090005	1096244	protein_coding
MRPS34	ENSG00000074071.14	-	chr16	1771890	1773155	protein_coding
BRICD5	ENSG00000182685.7	-	chr16	2209253	2211950	protein_coding
NME3	ENSG00000103024.7	-	chr16	1770286	1771730	protein_coding
NARFL	ENSG00000103245.13	-	chr16	729753	741329	protein_coding
CLCN7	ENSG00000103249.17	-	chr16	1444934	1475580	protein_coding
TCEB2	ENSG00000103363.14	-	chr16	2771414	2777297	protein_coding
LUC7L	ENSG00000007392.16	-	chr16	188969	229463	protein_coding
AXIN1	ENSG00000103126.14	-	chr16	287440	352673	protein_coding
PRSS22	ENSG00000005001.9	-	chr16	2852727	2858170	protein_coding
TSR3	ENSG00000007520.3	-	chr16	1349240	1351911	protein_coding
GNG13	ENSG00000127588.4	-	chr16	798041	800733	protein_coding
RPS2	ENSG00000140988.15	-	chr16	1962052	1964860	protein_coding
PGP	ENSG00000184207.8	-	chr16	2211997	2214807	protein_coding
TMEM8A	ENSG00000129925.10	-	chr16	370773	387113	protein_coding
SPSB3	ENSG00000162032.15	-	chr16	1776712	1793700	protein_coding
MSLNL	ENSG00000162006.9	-	chr16	769428	783370	protein_coding
CEMP1	ENSG00000205923.3	-	chr16	2530035	2531417	protein_coding
IGFALS	ENSG00000099769.5	-	chr16	1790413	1794971	protein_coding
WDR24	ENSG00000127580.15	-	chr16	684622	690444	protein_coding
MEIOB	ENSG00000162039.14	-	chr16	1833983	1884294	protein_coding
RNPS1	ENSG00000205937.11	-	chr16	2253116	2268412	protein_coding
FBXL16	ENSG00000127585.11	-	chr16	692498	705829	protein_coding
HAGH	ENSG00000063854.12	-	chr16	1795620	1827194	protein_coding
MSRB1	ENSG00000198736.11	-	chr16	1938210	1943326	protein_coding
NPRL3	ENSG00000103148.15	-	chr16	84271	138860	protein_coding
IFT140	ENSG00000187535.13	-	chr16	1510427	1612110	protein_coding
NTHL1	ENSG00000065057.7	-	chr16	2039815	2047866	protein_coding
CASKIN1	ENSG00000167971.15	-	chr16	2177180	2196525	protein_coding
CCDC78	ENSG00000162004.16	-	chr16	722582	726954	protein_coding
ABCA3	ENSG00000167972.13	-	chr16	2275881	2340746	protein_coding
PRSS33	ENSG00000103355.13	-	chr16	2783953	2787948	protein_coding
RPUSD1	ENSG00000007376.7	-	chr16	784974	788397	protein_coding
UNKL	ENSG00000059145.18	-	chr16	1363205	1414751	protein_coding
NOXO1	ENSG00000196408.11	-	chr16	1978917	1984192	protein_coding
MRPL28	ENSG00000086504.15	-	chr16	367384	370527	protein_coding
PRSS27	ENSG00000172382.9	-	chr16	2712418	2720551	protein_coding
HS3ST6	ENSG00000162040.6	-	chr16	1911463	1918440	protein_coding
ZNF598	ENSG00000167962.13	-	chr16	1997654	2009823	protein_coding
PPP2R5A	ENSG00000066027.11	+	chr1	212285537	212361863	protein_coding
NENF	ENSG00000117691.9	+	chr1	212432887	212446379	protein_coding
KCTD3	ENSG00000136636.12	+	chr1	215567392	215621807	protein_coding
ATF3	ENSG00000162772.16	+	chr1	212565334	212620777	protein_coding
HHAT	ENSG00000054392.12	+	chr1	210328252	210676296	protein_coding
TRAF5	ENSG00000082512.14	+	chr1	211326615	211374946	protein_coding
PROX1	ENSG00000117707.15	+	chr1	213983181	214041502	protein_coding
DTL	ENSG00000143476.17	+	chr1	212035553	212107400	protein_coding
TATDN3	ENSG00000203705.10	+	chr1	212791828	212816626	protein_coding
VASH2	ENSG00000143494.15	+	chr1	212950520	212992037	protein_coding
SERTAD4	ENSG00000082497.11	+	chr1	210232799	210246631	protein_coding
SMYD2	ENSG00000143499.13	+	chr1	214281102	214337131	protein_coding
FLVCR1	ENSG00000162769.12	+	chr1	212858255	212899363	protein_coding
CENPF	ENSG00000117724.12	+	chr1	214603195	214664588	protein_coding
RPS6KC1	ENSG00000136643.11	+	chr1	213051233	213274773	protein_coding
SYT14	ENSG00000143469.17	+	chr1	209938174	210171389	protein_coding
RCOR3	ENSG00000117625.13	+	chr1	211258377	211316385	protein_coding
KCNK2	ENSG00000082482.13	+	chr1	215005775	215237093	protein_coding
FAM71A	ENSG00000162771.7	+	chr1	212624474	212626778	protein_coding
AL022397.1	ENSG00000283619.1	+	chr1	209938251	210161042	protein_coding
SLC30A1	ENSG00000170385.9	-	chr1	211571568	211578742	protein_coding
LPGAT1	ENSG00000123684.12	-	chr1	211743457	211830772	protein_coding
BATF3	ENSG00000123685.8	-	chr1	212686418	212699985	protein_coding
NSL1	ENSG00000117697.14	-	chr1	212726153	212791782	protein_coding
ANGEL2	ENSG00000174606.13	-	chr1	212992182	213015826	protein_coding
KCNH1	ENSG00000143473.11	-	chr1	210678315	211134115	protein_coding
TMEM206	ENSG00000065600.12	-	chr1	212363931	212414901	protein_coding
USH2A	ENSG00000042781.12	-	chr1	215622894	216423396	protein_coding
PTPN14	ENSG00000152104.11	-	chr1	214348696	214552449	protein_coding
SPATA45	ENSG00000185523.6	-	chr1	212830141	212847649	protein_coding
INTS7	ENSG00000143493.12	-	chr1	211940399	212035542	protein_coding
NEK2	ENSG00000117650.12	-	chr1	211658657	211675630	protein_coding
RD3	ENSG00000198570.5	-	chr1	211476522	211492917	protein_coding
RHOJ	ENSG00000126785.12	+	chr14	63204114	63293219	protein_coding
KLHDC2	ENSG00000165516.10	+	chr14	49767608	49786385	protein_coding
GNG2	ENSG00000186469.8	+	chr14	51826195	51979342	protein_coding
MPP5	ENSG00000072415.8	+	chr14	67241109	67335819	protein_coding
AL135745.1	ENSG00000279654.1	+	chr14	64894339	64894713	protein_coding
SYT16	ENSG00000139973.16	+	chr14	61811974	62112550	protein_coding
FRMD6	ENSG00000139926.15	+	chr14	51489100	51730727	protein_coding
HIF1A	ENSG00000100644.16	+	chr14	61695513	61748259	protein_coding
KIAA0586	ENSG00000100578.14	+	chr14	58427385	58551289	protein_coding
PPP1R36	ENSG00000165807.7	+	chr14	64549902	64589380	protein_coding
STYX	ENSG00000198252.11	+	chr14	52730180	52774998	protein_coding
FAM71D	ENSG00000172717.15	+	chr14	67189393	67228550	protein_coding
PCNX4	ENSG00000126773.12	+	chr14	60091911	60169133	protein_coding
HSPA2	ENSG00000126803.9	+	chr14	64535905	64546173	protein_coding
SYNE2	ENSG00000054654.15	+	chr14	63852983	64226433	protein_coding
PSMA3	ENSG00000100567.12	+	chr14	58244831	58272012	protein_coding
DAAM1	ENSG00000100592.15	+	chr14	59188646	59371405	protein_coding
MAPK1IP1L	ENSG00000168175.14	+	chr14	55051631	55070192	protein_coding
AP5M1	ENSG00000053770.11	+	chr14	57268909	57298742	protein_coding
ATP5S	ENSG00000125375.14	+	chr14	50312326	50335558	protein_coding
SOCS4	ENSG00000180008.8	+	chr14	55027230	55049488	protein_coding
PELI2	ENSG00000139946.9	+	chr14	56117814	56301526	protein_coding
GPHN	ENSG00000171723.15	+	chr14	66507407	67181803	protein_coding
PSMC6	ENSG00000100519.11	+	chr14	52707172	52728587	protein_coding
SAMD4A	ENSG00000020577.13	+	chr14	54567097	54793315	protein_coding
CGRRF1	ENSG00000100532.11	+	chr14	54509812	54539309	protein_coding
LRRC9	ENSG00000131951.10	+	chr14	59919713	60063559	protein_coding
FNTB	ENSG00000257365.7	+	chr14	64986720	65062652	protein_coding
FUT8	ENSG00000033170.16	+	chr14	65410592	65744121	protein_coding
LINC00238	ENSG00000196553.14	+	chr14	66486354	66498553	protein_coding
PLEKHG3	ENSG00000126822.16	+	chr14	64704102	64750247	protein_coding
MTHFD1	ENSG00000100714.15	+	chr14	64388031	64463457	protein_coding
SIX6	ENSG00000184302.6	+	chr14	60508951	60512850	protein_coding
ARF6	ENSG00000165527.6	+	chr14	49893092	49897054	protein_coding
FBXO34	ENSG00000178974.9	+	chr14	55271303	55361918	protein_coding
ABHD12B	ENSG00000131969.14	+	chr14	50872160	50904970	protein_coding
MGAT2	ENSG00000168282.5	+	chr14	49620795	49623481	protein_coding
LRR1	ENSG00000165501.16	+	chr14	49598697	49614672	protein_coding
RP11-47I22.4	ENSG00000258989.1	+	chr14	61529128	61657964	protein_coding
SNAPC1	ENSG00000023608.4	+	chr14	61762357	61796428	protein_coding
GPR137C	ENSG00000180998.11	+	chr14	52553148	52637713	protein_coding
NAA30	ENSG00000139977.13	+	chr14	57390544	57415917	protein_coding
PPM1A	ENSG00000100614.17	+	chr14	60245752	60299087	protein_coding
JKAMP	ENSG00000050130.17	+	chr14	59484443	59505410	protein_coding
TMEM260	ENSG00000070269.13	+	chr14	56488354	56650606	protein_coding
KTN1	ENSG00000126777.17	+	chr14	55559072	55701526	protein_coding
DACT1	ENSG00000165617.14	+	chr14	58633967	58648321	protein_coding
TMX1	ENSG00000139921.12	+	chr14	51240162	51257546	protein_coding
CHURC1	ENSG00000258289.8	+	chr14	64914361	64944591	protein_coding
LGALS3	ENSG00000131981.15	+	chr14	55124110	55145413	protein_coding
PTGDR	ENSG00000168229.3	+	chr14	52267713	52276724	protein_coding
ATL1	ENSG00000198513.11	+	chr14	50532509	50633068	protein_coding
CDKN3	ENSG00000100526.19	+	chr14	54396849	54420218	protein_coding
KLHDC1	ENSG00000197776.7	+	chr14	49693105	49753152	protein_coding
C14orf166	ENSG00000087302.8	+	chr14	51989475	52010691	protein_coding
ZBTB1	ENSG00000126804.13	+	chr14	64503712	64533690	protein_coding
PRKCH	ENSG00000027075.13	+	chr14	61187559	61550976	protein_coding
CHURC1-FNTB	ENSG00000125954.12	+	chr14	64914485	65061803	protein_coding
AKAP5	ENSG00000179841.8	+	chr14	64465499	64474503	protein_coding
ARID4A	ENSG00000032219.18	+	chr14	58298385	58373887	protein_coding
ACTR10	ENSG00000131966.13	+	chr14	58200080	58235636	protein_coding
MNAT1	ENSG00000020426.10	+	chr14	60734742	60969953	protein_coding
SLC38A6	ENSG00000139974.15	+	chr14	60981114	61083733	protein_coding
TOMM20L	ENSG00000196860.7	+	chr14	58395916	58408701	protein_coding
PTGER2	ENSG00000125384.6	+	chr14	52314305	52328606	protein_coding
SPTB	ENSG00000070182.18	-	chr14	64746283	64879883	protein_coding
SLC35F4	ENSG00000151812.14	-	chr14	57563922	57982194	protein_coding
DDHD1	ENSG00000100523.14	-	chr14	53036745	53153282	protein_coding
PPP2R5E	ENSG00000154001.13	-	chr14	63371357	63543374	protein_coding
VCPKMT	ENSG00000100483.13	-	chr14	50108632	50116600	protein_coding
MAX	ENSG00000125952.18	-	chr14	65006174	65102695	protein_coding
FERMT2	ENSG00000073712.14	-	chr14	52857268	52952435	protein_coding
ERO1A	ENSG00000197930.12	-	chr14	52639916	52695900	protein_coding
GPX2	ENSG00000176153.11	-	chr14	64939152	64942905	protein_coding
CDKL1	ENSG00000100490.9	-	chr14	50329404	50416461	protein_coding
WDHD1	ENSG00000198554.11	-	chr14	54938950	55027105	protein_coding
POLE2	ENSG00000100479.12	-	chr14	49643555	49688422	protein_coding
TRMT5	ENSG00000126814.6	-	chr14	60971451	60981358	protein_coding
SIX1	ENSG00000126778.8	-	chr14	60643415	60658259	protein_coding
RPS29	ENSG00000213741.8	-	chr14	49570984	49599164	protein_coding
L2HGDH	ENSG00000087299.11	-	chr14	50237563	50312548	protein_coding
NEMF	ENSG00000165525.17	-	chr14	49782083	49853203	protein_coding
ATP6V1D	ENSG00000100554.11	-	chr14	67294371	67360265	protein_coding
ESR2	ENSG00000140009.18	-	chr14	64084232	64338112	protein_coding
ZBTB25	ENSG00000089775.11	-	chr14	64449106	64505213	protein_coding
SGPP1	ENSG00000126821.7	-	chr14	63684214	63728039	protein_coding
C14orf37	ENSG00000139971.15	-	chr14	57999735	58298139	protein_coding
C14orf105	ENSG00000100557.9	-	chr14	57469301	57493867	protein_coding
NIN	ENSG00000100503.23	-	chr14	50719763	50831121	protein_coding
SIX4	ENSG00000100625.8	-	chr14	60709528	60724348	protein_coding
CNIH1	ENSG00000100528.11	-	chr14	54423560	54441431	protein_coding
RTN1	ENSG00000139970.16	-	chr14	59595976	59870966	protein_coding
CCDC175	ENSG00000151838.11	-	chr14	59504539	59576831	protein_coding
GMFB	ENSG00000197045.12	-	chr14	54474484	54489196	protein_coding
TIMM9	ENSG00000100575.13	-	chr14	58408494	58427614	protein_coding
RPL36AL	ENSG00000165502.6	-	chr14	49618519	49620685	protein_coding
WDR89	ENSG00000140006.11	-	chr14	63597039	63641861	protein_coding
ATG14	ENSG00000126775.8	-	chr14	55366392	55411858	protein_coding
GNPNAT1	ENSG00000100522.8	-	chr14	52775194	52791668	protein_coding
GPR135	ENSG00000181619.11	-	chr14	59429022	59465342	protein_coding
TXNDC16	ENSG00000087301.8	-	chr14	52430590	52552522	protein_coding
EXOC5	ENSG00000070367.15	-	chr14	57200507	57269008	protein_coding
OTX2	ENSG00000165588.16	-	chr14	56799905	56810479	protein_coding
TRIM9	ENSG00000100505.13	-	chr14	50975262	51096061	protein_coding
GCH1	ENSG00000131979.18	-	chr14	54842008	54902852	protein_coding
NID2	ENSG00000087303.17	-	chr14	52004803	52069228	protein_coding
RAB15	ENSG00000139998.14	-	chr14	64945814	64972776	protein_coding
TBPL2	ENSG00000182521.5	-	chr14	55413541	55456726	protein_coding
SOS2	ENSG00000100485.11	-	chr14	50117120	50231558	protein_coding
TMEM30B	ENSG00000182107.6	-	chr14	61277370	61281840	protein_coding
L3HYPDH	ENSG00000126790.11	-	chr14	59460363	59484430	protein_coding
DLGAP5	ENSG00000126787.12	-	chr14	55148112	55191678	protein_coding
PYGL	ENSG00000100504.16	-	chr14	50857891	50944736	protein_coding
C14orf39	ENSG00000179008.8	-	chr14	60396469	60515543	protein_coding
GPHB5	ENSG00000179600.3	-	chr14	63312835	63318879	protein_coding
DNAAF2	ENSG00000165506.14	-	chr14	49625174	49635230	protein_coding
SAV1	ENSG00000151748.14	-	chr14	50632058	50668331	protein_coding
KCNH5	ENSG00000140015.19	-	chr14	62699454	63102037	protein_coding
BMP4	ENSG00000125378.15	-	chr14	53949736	53958761	protein_coding
DHRS7	ENSG00000100612.13	-	chr14	60144120	60169856	protein_coding
MAP4K5	ENSG00000012983.11	-	chr14	50418501	50561126	protein_coding
ACADS	ENSG00000122971.8	+	chr12	120725735	120740008	protein_coding
MAP1LC3B2	ENSG00000258102.3	+	chr12	116548105	116576448	protein_coding
RNF34	ENSG00000170633.16	+	chr12	121400041	121430623	protein_coding
AC004813.1	ENSG00000279777.1	+	chr12	119918001	119918375	protein_coding
MLEC	ENSG00000110917.7	+	chr12	120686869	120701864	protein_coding
CCDC60	ENSG00000183273.6	+	chr12	119334712	119541047	protein_coding
RNF10	ENSG00000022840.15	+	chr12	120533480	120577594	protein_coding
SRRM4	ENSG00000139767.8	+	chr12	118981495	119163051	protein_coding
PEBP1	ENSG00000089220.4	+	chr12	118135858	118145584	protein_coding
ORAI1	ENSG00000276045.2	+	chr12	121626550	121642677	protein_coding
RNFT2	ENSG00000135119.14	+	chr12	116738178	116853631	protein_coding
DYNLL1	ENSG00000088986.10	+	chr12	120469850	120498493	protein_coding
CABP1	ENSG00000157782.9	+	chr12	120640552	120667324	protein_coding
GATC	ENSG00000257218.5	+	chr12	120446438	120463749	protein_coding
SIRT4	ENSG00000089163.4	+	chr12	120302316	120313249	protein_coding
COX6A1	ENSG00000111775.2	+	chr12	120438090	120440742	protein_coding
UNC119B	ENSG00000175970.9	+	chr12	120710435	120723640	protein_coding
HNF1A	ENSG00000135100.17	+	chr12	120978543	121002512	protein_coding
AL021546.6	ENSG00000111780.8	+	chr12	120438198	120460006	protein_coding
FBXW8	ENSG00000174989.12	+	chr12	116910956	117031148	protein_coding
SUDS3	ENSG00000111707.11	+	chr12	118376380	118418031	protein_coding
TMEM233	ENSG00000224982.3	+	chr12	119593459	119643066	protein_coding
PRKAB1	ENSG00000111725.10	+	chr12	119667753	119681630	protein_coding
RFC5	ENSG00000111445.13	+	chr12	118013588	118033130	protein_coding
P2RX4	ENSG00000135124.14	+	chr12	121209857	121234106	protein_coding
TMEM120B	ENSG00000188735.12	+	chr12	121712752	121783001	protein_coding
HSPB8	ENSG00000152137.6	+	chr12	119178642	119221131	protein_coding
BICDL1	ENSG00000135127.11	+	chr12	119989869	120094494	protein_coding
P2RX7	ENSG00000089041.16	+	chr12	121132819	121188032	protein_coding
TESC	ENSG00000088992.17	-	chr12	117038923	117099479	protein_coding
MED13L	ENSG00000123066.7	-	chr12	115953872	116277338	protein_coding
KDM2B	ENSG00000089094.17	-	chr12	121429097	121581015	protein_coding
CAMKK2	ENSG00000110931.18	-	chr12	121237691	121298308	protein_coding
NOS1	ENSG00000089250.18	-	chr12	117208142	117452170	protein_coding
TRIAP1	ENSG00000170855.3	-	chr12	120443961	120446412	protein_coding
SRSF9	ENSG00000111786.8	-	chr12	120461668	120469793	protein_coding
PLA2G1B	ENSG00000170890.13	-	chr12	120322111	120327789	protein_coding
VSIG10	ENSG00000176834.13	-	chr12	118063593	118136026	protein_coding
CIT	ENSG00000122966.14	-	chr12	119685790	119877291	protein_coding
OASL	ENSG00000135114.12	-	chr12	121019111	121039242	protein_coding
WSB2	ENSG00000176871.8	-	chr12	118032694	118062430	protein_coding
RPLP0	ENSG00000089157.15	-	chr12	120196686	120201235	protein_coding
GCN1	ENSG00000089154.10	-	chr12	120127203	120194710	protein_coding
PXN	ENSG00000089159.16	-	chr12	120210439	120265771	protein_coding
KSR2	ENSG00000171435.13	-	chr12	117453012	117968983	protein_coding
POP5	ENSG00000167272.10	-	chr12	120578764	120581398	protein_coding
TAOK3	ENSG00000135090.13	-	chr12	118149801	118372945	protein_coding
C12orf43	ENSG00000157895.11	-	chr12	121000486	121016502	protein_coding
RAB35	ENSG00000111737.11	-	chr12	120095095	120117502	protein_coding
ANAPC5	ENSG00000089053.12	-	chr12	121308245	121399896	protein_coding
FBXO21	ENSG00000135108.14	-	chr12	117141988	117190531	protein_coding
SPPL3	ENSG00000157837.15	-	chr12	120762510	120904371	protein_coding
COQ5	ENSG00000110871.14	-	chr12	120503274	120534434	protein_coding
C12orf49	ENSG00000111412.5	-	chr12	116710185	116738070	protein_coding
MSI1	ENSG00000135097.6	-	chr12	120341330	120369180	protein_coding
MORN3	ENSG00000139714.12	-	chr12	121648742	121672631	protein_coding
HRK	ENSG00000135116.9	-	chr12	116856144	116881441	protein_coding
